Ref,Val,Package,PosX,PosY,Rot,Side
"C1","18pF","C_0805_2012Metric_Pad1.18x1.45mm_HandSolder",122.800000,-106.960000,90.000000,top
"C2","18pF","C_0805_2012Metric_Pad1.18x1.45mm_HandSolder",132.800000,-106.960000,90.000000,top
"C3","4.7pF","C_0805_2012Metric_Pad1.18x1.45mm_HandSolder",117.800000,-125.000000,0.000000,top
"C4","2.7pF","C_0805_2012Metric_Pad1.18x1.45mm_HandSolder",127.800000,-125.000000,0.000000,top
"C5","4.7pF","C_0805_2012Metric_Pad1.18x1.45mm_HandSolder",137.800000,-125.000000,0.000000,top
"J1","BNC R/A PCB (Amphenol B6252HB-NPP3G-50)","BNC_Amphenol_B6252HB-NPP3G-50_Horizontal",112.700000,-116.500000,90.000000,top
"J2","BNC R/A PCB (Amphenol B6252HB-NPP3G-50)","BNC_Amphenol_B6252HB-NPP3G-50_Horizontal",142.800000,-108.000000,-90.000000,top
"J3","BNC R/A PCB (Amphenol B6252HB-NPP3G-50)","BNC_Amphenol_B6252HB-NPP3G-50_Horizontal",142.800000,-125.000000,-90.000000,top
"L1","68nH","L_0805_2012Metric_Pad1.15x1.40mm_HandSolder",117.800000,-108.000000,0.000000,top
"L2","100nH","L_0805_2012Metric_Pad1.15x1.40mm_HandSolder",127.800000,-108.000000,0.000000,top
"L3","68nH","L_0805_2012Metric_Pad1.15x1.40mm_HandSolder",137.800000,-108.000000,0.000000,top
"L4","15nH","L_0805_2012Metric_Pad1.15x1.40mm_HandSolder",122.800000,-126.020000,-90.000000,top
"L5","15nH","L_0805_2012Metric_Pad1.15x1.40mm_HandSolder",132.800000,-126.020000,-90.000000,top
